"Id","First","Last","Email_csv1","Company","PersonId","Email_csv2","FavoriteFood"
"5829","Jimmy","Buffet","jb@example.com","RCA","","",""
"2894","Shirley","Chisholm","sc@example.com","United States Congress","","",""
"294","Marilyn","Monroe","mm@example.com","Fox","x934","mm@example.com","Carrots"
"30829","Cesar","Chavez","cc@example.com","United Farm Workers","","",""
"827","Vandana","Shiva","vs@example.com","Navdanya","02e","vs@example.com","Amaranth"
"9284","Andrea","Smith","as@example.com","University of California","9e84f","as@example.com","Kale"
"724","Albert","Howard","ah@example.com","Imperial College of Science","8xi","ahotherem@example.com","Potatoes"
"","Shirley","Temple","","","983mv","st@example.com","Lollipops"
"","Donald","Duck","","","k28fo","dd@example.com","Pancakes"
