"Id","First","Last","D.O.B.","Address"
"69435","Salli","Broxup","12/3/1991","305 Grover Lane, Sunny, AK"
"67121","Quintina","Lean","10/14/1963","305 Grover Lane, Sunny, AK"
"49617","Corny","Noller","12/13/1990","305 Grover Lane, Sunny, AK"
"86605","Yuri","Dalton","11/12/1980","800 Golden Leaf Street, Snowy, NM"
"22276","Doretta","Herche","9/21/2010","800 Golden Leaf Street, Snowy, NM"
"64465","Mata","Pierrepont","8/19/1970","800 Golden Leaf Street, Snowy, NM"
"32443","Othelia","Eastbury","8/4/1955","87834 Lyons Terrace, Rainy, OR"
"22082","Pansy","Mallya","8/4/1955","87834 Lyons Terrace, Rainy, OR"
"67526","Kata","Windus","10/4/1991","98 Paget Trail, Cloudy, WY"
